{"cameraMode":{"drawMode":0,"name":"Shaded","section":"Shading Mode"},"sceneLighting":true,"audioPlay":false,"sceneViewState":{"showFog":true,"showMaterialUpdate":false,"showSkybox":true,"showFlares":true,"showImageEffects":true,"showParticleSystems":true,"showVisualEffectGraphs":true,"m_FxEnabled":true},"in2DMode":false,"pivot":{"x":-32.31815719604492,"y":-9.324249267578125,"z":405.2763366699219},"rotation":{"x":-0.04675733298063278,"y":0.03954347223043442,"z":-0.0018406362505629659,"w":-0.9981364011764526},"size":217.32644653320313,"orthographic":false}